,Nodes,Edges,density,<k>,k_std,k_max,diameter
Karate,34.0,78.0,0.13903743315508021,4.588235294117647,0.6551864509961259,17.0,5.0
Student,141.0,297.0,0.030091185410334346,4.212765957446808,0.13999091372868822,10.0,17.0
Jazz,198.0,2742.0,0.14059375480695277,27.696969696969695,1.2372997110594144,100.0,6.0
FB,329.0,1954.0,0.03621469345392542,11.878419452887538,0.6033502543630891,63.0,9.0
FB1,320.0,2369.0,0.04641457680250784,14.80625,0.7971751119921441,113.0,7.0
NetSci,379.0,914.0,0.012759838617358406,4.823218997361478,0.2017245851917429,34.0,17.0
